-- --------------------------------------------------------
-- Хост:                         127.0.0.1
-- Версия сервера:               8.0.19 - MySQL Community Server - GPL
-- Операционная система:         Win64
-- HeidiSQL Версия:              11.0.0.5958
-- --------------------------------------------------------

/*!40101 SET @OLD_CHARACTER_SET_CLIENT=@@CHARACTER_SET_CLIENT */;
/*!40101 SET NAMES utf8 */;
/*!50503 SET NAMES utf8mb4 */;
/*!40014 SET @OLD_FOREIGN_KEY_CHECKS=@@FOREIGN_KEY_CHECKS, FOREIGN_KEY_CHECKS=0 */;
/*!40101 SET @OLD_SQL_MODE=@@SQL_MODE, SQL_MODE='NO_AUTO_VALUE_ON_ZERO' */;


-- Дамп структуры базы данных at_shop
DROP DATABASE IF EXISTS `at_shop`;
CREATE DATABASE IF NOT EXISTS `at_shop` /*!40100 DEFAULT CHARACTER SET utf8mb4 COLLATE utf8mb4_bin */ /*!80016 DEFAULT ENCRYPTION='N' */;
USE `at_shop`;

-- Дамп структуры для таблица at_shop.at_news
DROP TABLE IF EXISTS `at_news`;
CREATE TABLE IF NOT EXISTS `at_news` (
  `ID_NEWS` int NOT NULL AUTO_INCREMENT,
  `TITLE` varchar(50) COLLATE utf8mb4_bin NOT NULL,
  `DATE` datetime NOT NULL,
  `SHORT_CONTENT` varchar(255) COLLATE utf8mb4_bin NOT NULL,
  `FULL_CONTENT` longtext COLLATE utf8mb4_bin NOT NULL,
  `AUTHOR_NAME` varchar(255) COLLATE utf8mb4_bin NOT NULL,
  `PREVIEW` varchar(255) COLLATE utf8mb4_bin NOT NULL,
  `TYPE` varchar(50) COLLATE utf8mb4_bin DEFAULT NULL,
  PRIMARY KEY (`ID_NEWS`),
  UNIQUE KEY `TITLE_IDX` (`TITLE`),
  KEY `DATE_IDX` (`DATE`),
  KEY `AUTHOR_NAME_IDX` (`AUTHOR_NAME`)
) ENGINE=InnoDB AUTO_INCREMENT=4 DEFAULT CHARSET=utf8mb4 COLLATE=utf8mb4_bin;

-- Дамп данных таблицы at_shop.at_news: ~3 rows (приблизительно)
/*!40000 ALTER TABLE `at_news` DISABLE KEYS */;
INSERT INTO `at_news` (`ID_NEWS`, `TITLE`, `DATE`, `SHORT_CONTENT`, `FULL_CONTENT`, `AUTHOR_NAME`, `PREVIEW`, `TYPE`) VALUES
	(1, 'Алматы қаласының әкімдігі', '2021-01-23 17:45:34', 'Фасады 29 многоквартирных жилых домов в Бостандыкском районе отремонтированы с сохранением архитектурных форм.', 'Фасады 29 многоквартирных жилых домов в Бостандыкском районе отремонтированы с сохранением архитектурных форм.\r\nНа брифинге РСК аким Бостандыкского района города Алматы Алтай Рахимбетов рассказал об итогах социально-экономического развития района, ходе исполнения поручений акима города, а также планах на предстоящий период.\r\nВ Бостандыкском районе имеется 1886 многоквартирных жилых домов и насчитывается 655 дворов.\r\n“В 2020 году благоустроено 120 дворовых территорий, также за счет привлечения инвесторов благоустроены 20 детских площадок. На текущий год планируется капитальный ремонт 100 дворовых территорий и разработка ПСД на 70 дворов. Текущим ремонтом будет охвачено 130 дворовых территорий”, - сообщил Алтай Рахимбетов.\r\nВместе с тем в рамках работ по модернизации ЖКХ по Программе развития регионов до 2020 года произведен капитальный ремонт в 28 многоквартирных жилых домах (МЖД), из них отремонтированы кровли, фасад и инженерные сети в 8 МЖД, заменены 45 лифтов в 20 МЖД.\r\n“Очень много исторических домов в районе. Со временем эти дома постепенно теряют внешний вид. Именно по данным домам ведутся работы. В рамках ремонтных работ не менялся конструктив, архитектурные формы - производился только ремонт фасадов и окраска”, - разъяснил аким.\r\nТекущий ремонт фасадов произведен в 29 МЖД, в т.ч. за счет выделенных средств по “Дорожной карте занятости” отремонтированы 24 фасадов, инвесторами отремонтированы 5 фасадов. В этом году планируется проведение ремонтных работ в 39 МЖД по Программе модернизации МЖД.', 'Ольга Гумирова ', 'Фасады 29 многоквартирных жилых домов в Бостандыкском районе отремонтированы с сохранением архитектурных форм.', NULL),
	(2, 'БЕЗ МАМЫ', '2021-01-23 17:50:20', '17 января я выкладывал пост «Один с 5 детьми. Их маму забрал COVID».', 'БЕЗ МАМЫ\r\n17 января я выкладывал пост «Один с 5 детьми. Их маму забрал COVID» о судьбе семьи Аскара Омарова из города Иссык Алматинской области. Сегодня в эфире ютуб-канала ГиперБорей вышел сюжет о ней: https://www.youtube.com/watch?v=rqsuaAt4CZE \r\nНапомню вкратце эту историю. 36-летний Аскар по профессии строитель. Но сейчас не работает: должен смотреть за детьми. У него пятеро – 6-месячная Адель, 5-летние Нурислам и Нурасыл, 7-летняя Жанель и 9-летняя Нурия. Их мама Нагима, жена Аскара, прошлым летом умерла от коронавируса. Она заразилась, когда лежала на сохранении. 29 июня родилась Адель, а 12 июля Нагимы не стало. \r\nСемья живёт в чужом домишке, который честнее назвать халупой, на детские пособия. Помогает бабушка Зауре, мама Аскара, и волонтёры. Главная цель в жизни Аскара – свой дом. Но она пока кажется несбыточной мечтой. \r\nДавайте все вместе поможем Аскару её осуществить. Диапазон цен на дома в Иссыке – от 5 до 10 млн тенге.\r\nДонаты для семьи Омаровых:\r\n+7 707 976 69 37\r\nОмаров Аскар Талгатович\r\nКарта Kaspi Gold: 4400 4301 1560 0469\r\nПосле наших с волонтером Саида Таукелева постов Аскар получил уже немало пожертвований. Он просил передать благодарность всем добрым людям, которые прислали донаты. Его мечта – иметь свой дом – уже не кажется такой уж нереальной.\r\nФото: Roman Egorov', 'Вадим Борейко', '17 января я выкладывал пост «Один с 5 детьми. Их маму забрал COVID».', NULL),
	(3, 'Krisha.kz', '2021-01-23 17:54:15', 'Названы оползнеопасные участки Алматы.', 'Названы оползнеопасные участки Алматы\r\nНа очередном обсуждении корректировок генплана Алматы проектировщики института «Алматыгипрогор-1» рассказали об оползнеопасных зонах города. По данным специалистов, опасные участки расположены в шести районах города.\r\nНаиболее оползнеопасные:\r\n— гора Коктобе, Кенсай, Широкая Щель;\r\n— п. Юбилейный, Бутаковское ущелье;\r\n— частные жилые дома в микрорайонах и садоводческих обществах на присоединённых территориях в мкр Алатау, Алмаарасан, Нурлытау, Жайлау, Кок-шокы, Ремизовское ущелье, Карагайлы, Рахат, Курамыс, Актобе, «Эдельвейс», «Пищевик», «Арман», «Казахстан 2030», «Алатау», «Медеу», «Монтажник», «Алма» и др.\r\nТерритории, требующие первоочередных мероприятий по укреплению:\r\n— Алатауский район — мкр Курылысшы, по ул. Ботакара, вдоль р. Теренкара;\r\n— Медеуский — участки в массиве Каменское Плато, по ул. Ладушкина и по ул. Заречной;\r\n— Бостандыкский — лыжные трассы и склоны гор международного комплекса лыжных трамплинова «Сункар»; садоводческое общество «Горный»;\r\n— Турксибский — дома по ул. Костромской, ул. Асылбекова;\r\n— Жетысуский — мкр Айнабулак-4, ул. Волочаевская, жилые дома, расположенные у подножия и на краю оврагов;\r\n— Наурызбайский — жилые дома в мкр Абайские дачи, расположенные на краю карьера.\r\n— Территории, попавшие в список опасных, мы исключили из застройки. Все они имеют уклон участка свыше 30 градусов. Однако большинство участков застроены. Чем это опасно? Любое освоение градостроительной территории влечёт за собой прокладку инженерных коммуникаций, полива. Проконтролировать все утечки воды невозможно. Рано или поздно это может привести к обильному сходу грунта и разрушению домостроений, — сказал заместитель генерального директора ТОО «Алматыгипрогор-1» Алтай Сатыбалдиев.\r\nТакже учёные обнаружили новый тектонический разлом.', 'Ольга Гумирова ', 'Названы оползнеопасные участки Алматы.', NULL);
/*!40000 ALTER TABLE `at_news` ENABLE KEYS */;

-- Дамп структуры для таблица at_shop.at_shop_cat
DROP TABLE IF EXISTS `at_shop_cat`;
CREATE TABLE IF NOT EXISTS `at_shop_cat` (
  `ID_CAT` int NOT NULL AUTO_INCREMENT,
  `NAME_CAT` varchar(255) COLLATE utf8mb4_bin NOT NULL,
  `SORT_ORDER` int NOT NULL,
  `STATUS_CAT` tinyint(1) NOT NULL DEFAULT '1',
  PRIMARY KEY (`ID_CAT`),
  UNIQUE KEY `NAME_CAT_IDX` (`NAME_CAT`),
  KEY `SORT_ORDER_IDX` (`SORT_ORDER`)
) ENGINE=InnoDB AUTO_INCREMENT=7 DEFAULT CHARSET=utf8mb4 COLLATE=utf8mb4_bin;

-- Дамп данных таблицы at_shop.at_shop_cat: ~6 rows (приблизительно)
/*!40000 ALTER TABLE `at_shop_cat` DISABLE KEYS */;
INSERT INTO `at_shop_cat` (`ID_CAT`, `NAME_CAT`, `SORT_ORDER`, `STATUS_CAT`) VALUES
	(1, 'Дрели/шуруповерты', 1, 1),
	(2, 'Перфораторы', 3, 1),
	(3, 'Наборы инструментов', 2, 1),
	(4, 'Болгарки', 5, 1),
	(5, 'Электролобзики', 4, 1),
	(6, 'Аккумуляторные отвертки', 6, 0);
/*!40000 ALTER TABLE `at_shop_cat` ENABLE KEYS */;

-- Дамп структуры для таблица at_shop.at_shop_prod
DROP TABLE IF EXISTS `at_shop_prod`;
CREATE TABLE IF NOT EXISTS `at_shop_prod` (
  `ID_PROD` int NOT NULL AUTO_INCREMENT,
  `ID_CAT` int NOT NULL,
  `NAME_PROD` varchar(255) COLLATE utf8mb4_bin NOT NULL,
  `CODE_PROD` int NOT NULL,
  `PRICE_PROD` float NOT NULL,
  `AVAILABILITY` int NOT NULL,
  `BRAND_PROD` varchar(255) COLLATE utf8mb4_bin NOT NULL,
  `IMAGE_PROD` varchar(255) COLLATE utf8mb4_bin NOT NULL,
  `DESCR_PROD` text COLLATE utf8mb4_bin NOT NULL,
  `IS_NEW` tinyint(1) NOT NULL DEFAULT '0',
  `IS_REC` tinyint(1) NOT NULL DEFAULT '0',
  `STATUS_PROD` tinyint(1) NOT NULL DEFAULT '1',
  PRIMARY KEY (`ID_PROD`),
  KEY `NAME_PROD_IDX` (`NAME_PROD`),
  KEY `CODE_PROD_IDX` (`CODE_PROD`),
  KEY `BRAND_PROD_IDX` (`BRAND_PROD`),
  KEY `FK_AT_SHOP__REFERENCE_AT_SHOP_` (`ID_CAT`),
  CONSTRAINT `FK_AT_SHOP__REFERENCE_AT_SHOP_` FOREIGN KEY (`ID_CAT`) REFERENCES `at_shop_cat` (`ID_CAT`) ON DELETE RESTRICT ON UPDATE RESTRICT
) ENGINE=InnoDB AUTO_INCREMENT=13 DEFAULT CHARSET=utf8mb4 COLLATE=utf8mb4_bin;

-- Дамп данных таблицы at_shop.at_shop_prod: ~12 rows (приблизительно)
/*!40000 ALTER TABLE `at_shop_prod` DISABLE KEYS */;
INSERT INTO `at_shop_prod` (`ID_PROD`, `ID_CAT`, `NAME_PROD`, `CODE_PROD`, `PRICE_PROD`, `AVAILABILITY`, `BRAND_PROD`, `IMAGE_PROD`, `DESCR_PROD`, `IS_NEW`, `IS_REC`, `STATUS_PROD`) VALUES
	(1, 1, 'Шуруповерт ALTECO CID 2110.1 СID 0415', 6376854, 21315, 1, 'ALTECO', '/mages/shop/1.jpg', 'Характеристики\r\nТип инструментадрель-шуруповерт\r\nТип патронабыстрозажимной\r\nКоличество скоростей работы2\r\nДиаметр патрона10 мм\r\nМаксимальное число оборотов холостого хода1600 об/мин\r\nМаксимальный крутящий момент35 Нм\r\nАккумулятор\r\nТип аккумулятораLi-Ion\r\nЕмкость аккумулятора2000 мАч\r\nНапряжение аккумулятора21 В\r\nПитаниеот аккумулятора\r\nДополнительно\r\nФункцииреверс, электронная регулировка частоты вращения\r\nНаличие удараударный\r\nПриспособлениялампа точечной подсветки\r\nКомплектациякейс, зарядное устройство, аккумулятор\r\nОсобенностисъемный аккумулятор', 1, 0, 1),
	(2, 1, 'Дрель CROWN СТ 10128', 56464, 11299, 1, 'CROWN', '/images/shop/2.jpg', 'Характеристики\r\nТип инструментадрель\r\nТип патронаключевой\r\nКоличество скоростей работы1\r\nДиаметр патрона1-13 мм\r\nМаксимальное число оборотов холостого хода2800 об/мин\r\nПотребляемая мощность600 Вт\r\nМаксимальный диаметр сверления дерева20 мм\r\nМаксимальный диаметр сверления металла13 мм\r\nАккумулятор\r\nПитаниеот сети\r\nДополнительно\r\nФункцииэлектронная регулировка частоты вращения\r\nНаличие удараударный\r\nОсобенностификсация шпинделя\r\nВес1.7 кг', 0, 0, 1),
	(3, 1, 'Шуруповерт ВИХРЬ ДА-18Л-2К 72/14/9', 95645, 28490, 1, 'Вихрь', '/images/shop/3.png', 'Характеристики\r\nТип инструментадрель-шуруповерт\r\nТип патронабыстрозажимной\r\nКоличество скоростей работы2\r\nДиаметр патрона0.8 - 10 мм\r\nМаксимальное число оборотов холостого хода1400 об/мин\r\nМаксимальный крутящий момент45 Нм\r\nМаксимальный диаметр сверления дерева30 мм\r\nМаксимальный диаметр сверления металла12 мм\r\nАккумулятор\r\nТип аккумулятораLi-Ion\r\nЕмкость аккумулятора2000 мАч\r\nНапряжение аккумулятора18 В\r\nПитаниеот аккумулятора\r\nДополнительно\r\nФункцииреверс, электронная регулировка частоты вращения\r\nНаличие ударабезударный\r\nПриспособлениялампа точечной подсветки, блокировка кнопки включения\r\nКомплектациякейс, зарядное устройство, два аккумулятора, набор бит\r\nОсобенностисъемный аккумулятор\r\nВес1.3 кг', 0, 0, 1),
	(4, 1, 'Дрель CROWN CT10130', 453453, 16240, 1, 'CROWN', '/images/shop/4.phg', 'Характеристики\r\nТип инструментадрель\r\nТип патронаключевой\r\nКоличество скоростей работы1\r\nДиаметр патрона1.5 - 13 мм\r\nМаксимальное число оборотов холостого хода2800 об/мин\r\nПотребляемая мощность810 Вт\r\nМаксимальный диаметр сверления дерева30 мм\r\nМаксимальный диаметр сверления металла13 мм\r\nАккумулятор\r\nПитаниеот сети\r\nДополнительно\r\nФункцииреверс, электронная регулировка частоты вращения\r\nНаличие удараударный\r\nПриспособленияблокировка кнопки включения\r\nКомплектациядополнительная рукоятка, ограничитель глубины сверления\r\nВес2.1 кг', 0, 0, 1),
	(5, 2, 'Перфоратор ALTECO RH 850-26', 776785, 22770, 1, 'ALTECO', '/images/shop/5.jpg', 'Характеристики\r\nТип крепления бура/сверлаSDS-Plus\r\nКоличество скоростей работы1\r\nПотребляемая мощность800 Вт\r\nТип питанияот сети\r\nМаксимальное число оборотов холостого хода900 об/мин\r\nМаксимальная частота ударов4000 уд./мин\r\nМаксмальная энергия удара2.6 Дж\r\nМаксимальный диаметр сверления дерева30 мм\r\nМаксимальный диаметр сверления бетона26 мм\r\nФункции\r\nБыстрозажимной патронда\r\nРежимы работысверление, долбление\r\nШуруповертда\r\nВозможностиреверс, фиксация шпинделя, электронная регулировка частоты вращения, предохранительная муфта\r\nДополнительно\r\nПриспособлениядополнительная рукоятка, ограничитель глубины сверления, блокировка кнопки включения\r\nВес2.9 кг', 1, 0, 1),
	(6, 2, 'Перфоратор ALTECO RH 0216 SDS-Plus Promo', 612134, 17600, 1, 'ALTECO', '/images/shop/6.jpg', 'Характеристики\r\nТип крепления бура/сверлаSDS-Plus\r\nКоличество скоростей работы1\r\nПотребляемая мощность620 Вт\r\nТип питанияот сети\r\nМаксимальное число оборотов холостого хода1000 об/мин\r\nМаксимальная частота ударов4850 уд./мин\r\nМаксмальная энергия удара2.5 Дж\r\nМаксимальный диаметр сверления дерева30 мм\r\nМаксимальный диаметр сверления бетона24 мм\r\nМаксимальный диаметр сверления полой коронки13 мм\r\nФункции\r\nБыстрозажимной патронда\r\nРежимы работысверление, сверление с ударом, долбление\r\nШуруповертда\r\nВозможностиреверс, фиксация шпинделя\r\nДополнительно\r\nПриспособленияблокировка кнопки включения\r\nВес2.5 кг', 0, 0, 1),
	(7, 2, 'Перфоратор CROWN CT18102', 645456, 29005, 1, 'CROWN', '/images/shop/7.png', 'Характеристики\r\nТип крепления бура/сверлаSDS-Plus\r\nКоличество скоростей работы1\r\nПотребляемая мощность1500 Вт\r\nТип питанияот сети\r\nМаксимальное число оборотов холостого хода800 об/мин\r\nМаксимальная частота ударов3900 уд./мин\r\nМаксимальный диаметр сверления дерева40 мм\r\nМаксимальный диаметр сверления бетона32 мм\r\nФункции\r\nРежимы работысверление, сверление с ударом, долбление\r\nШуруповертнет\r\nВозможностиреверс\r\nДополнительно\r\nПриспособлениядополнительная рукоятка\r\nКейсда', 1, 0, 1),
	(8, 2, 'Перфоратор Bosch GBH 240', 453245, 41000, 1, 'Bosch', '/images/shop/8.jpg', 'Характеристики\r\nТип крепления бура/сверлаSDS-Plus\r\nКоличество скоростей работы1\r\nПотребляемая мощность790 Вт\r\nТип питанияот сети\r\nМаксимальное число оборотов холостого хода930 об/мин\r\nМаксимальная частота ударов4200 уд./мин\r\nМаксмальная энергия удара2.7 Дж\r\nМаксимальный диаметр сверления дерева30 мм\r\nМаксимальный диаметр сверления бетона24 мм\r\nМаксимальный диаметр сверления полой коронки68 мм\r\nФункции\r\nБыстрая замена патронанет\r\nБыстрозажимной патроннет\r\nРежимы работысверление, долбление\r\nТормоз двигателянет\r\nШуруповертда\r\nВозможностиреверс, фиксация шпинделя, электронная регулировка частоты вращения, предохранительная муфта\r\nДополнительно\r\nПриспособлениядополнительная рукоятка, ограничитель глубины сверления, блокировка кнопки включения\r\nКейсда\r\nРазмеры367x210 мм\r\nВес2.8 кг', 0, 0, 1),
	(9, 3, 'Набор инструментов STELS 14106 94 предмета', 56745, 31559, 1, 'STELS', '/images/shop/9.jpg', 'Основные характеристики\r\nТипнабор инструментов\r\nНазначениеуниверсальный\r\nИнструменты в комплектетрещотка, ключи имбусовые (шестигранные)\r\nОснастка в комплектебиты, головки со вставками, торцевые головки\r\nАксессуары в комплектеудлинитель для головок, шарнир карданный для головок, кейс\r\nКомплектация\r\nКоличество бит16\r\nШлицы биткрестообразный (PH), крестообразный (PZ), шестигранный (H/HEX), Torx (T/TX)\r\nБиты подробно5/16: H7, H8, H10, H12, H14, SL8, SL10, SL12, PH3, PH4, PZ3, PZ4, T40, T45, T50, T55\r\nТип головокторцевые, свечные, со вставками, удлиненные\r\nКоличество торцевых головок62\r\nНаконечник головок6-гранный\r\nПосадка головок1/2, 1/4\r\nГоловки торцевые подробно1/2: 10 - 22, 24, 27, 30, 32 мм; свечные 1/2: 16, 21 мм; длинные 1/2: 14, 15, 17, 19, 22 мм; 1/4: 4, 4.5, 5, 5.5, 6, 7, 8, 9, 10, 11, 12, 13, 14 мм; длинные 1/4: 6 - 13 мм; вороток т-образный 1/4; карданный шарнир 1/2, 1/4; удлинитель 1/4: 50, 100 мм; удлинитель 1/2: 125, 250 мм; с битами 1/4: H3, H4, H5, H6, T8, T10, T15, T20, T25, T30, SL4, SL5.5, SL6.5, PH1, PH2, PZ1, PZ2\r\nГаечные ключи подробношестигранные ключи: 1.5, 2, 2.5 мм', 1, 0, 1),
	(10, 3, 'Набор инструментов Forsage F-38841 216 предметов', 342300, 48130, 1, 'Forsage', '/images/shop/10.jpg', 'Основные характеристики\r\nТипнабор инструментов\r\nНазначениеуниверсальный\r\nИнструменты в комплектетрещотка, ключи имбусовые (шестигранные), рукоять для бит, вороток для головок, ключи гаечные\r\nОснастка в комплектебиты, торцевые головки\r\nАксессуары в комплектешарнир карданный для головок, кейс\r\nКомплектация\r\nКоличество бит106\r\nГоловки торцевые подробно1/2: 10, 11, 12, 13, 14, 15, 17, 19, 20, 21, 22, 24, 27, 30, 32 мм; 1/2: E20, E22, E24; Т-образный вороток: 1/2, 1/4; кардан: 1/2, 3/8, 1/4; трещотка: 1/2, 3/8, 1/4; 1/2: удлинители 125, 250 мм; 1/2: свечные головки 16, 21 мм; 1/4: 4, 4.5, 5, 5.5, 6, 7, 8, 9, 10, 11, 12, 13, 14 мм; 1/4: E4, E5, E6, E7, E8; 1/4: удлинители 50, 100 мм; 1/4: отвертка под биты; 3/8: 10, 11, 12, 13, 14, 15, 16, 17, 18, 19 мм; 3/8: E10, E11, E12, E14, E16, E18; 3/8: головки свечные 18 мм\r\nКоличество гаечных ключей12\r\nГаечные ключи подробнокомбинированные ключи: 8, 10, 11, 12, 13, 14, 15, 16, 17, 18, 19, 22; имбусовые ключи: 1.27, 1.5, 2, 2.5, 3, 4, 5 мм', 0, 0, 1),
	(11, 3, 'Набор инструментов FORCE 41421 142 предмета', 522343, 100200, 1, 'FORCE', '/images/shop/11.jpg', 'Основные характеристики\r\nТипнабор инструментов\r\nНазначениеуниверсальный\r\nИнструменты в комплектетрещотка, ключи имбусовые (шестигранные), рукоять для бит, вороток для головок, ключи гаечные, молоток, пассатижи, отвёртки\r\nОснастка в комплектебиты, торцевые головки\r\nАксессуары в комплектегибкий удлинитель для головок, удлинитель для головок, шарнир карданный для головок, кейс\r\nКомплектация\r\nКоличество отверток6\r\nШлицы отвёртоккрестообразный (PH), прямой (SL)\r\nОтвертки подробноPH1, PH2, PH3, SL5.5x25, SL6.5x150, SL6.5x150\r\nКоличество бит26\r\nШлицы биткрестообразный (PH), крестообразный (PZ), прямой (SL), шестигранный (H/HEX), Torx (T/TX)\r\nБиты подробно1/4: PZ0, PZ1, PZ2, PZ3, PH0, PH1, PH2, PH3, SL4, SL5.5, SL7, H2, H3, H4, H5, H6, H7, H8, H10, T10H, T15H, T20H, T25H, T27H, T30H, T40H\r\nТип головокторцевые, свечные\r\nКоличество торцевых головок55\r\nНаконечник головок6-гранный\r\nПосадка головок½, ¼, ⅜\r\nГоловки торцевые подробно1/4: 4, 4.5, 5, 5.5, 6, 7, 8, 9, 10 мм; Torx 1/4: E4, E5, E6, E7, E8; трещетка1/4; удлинитель 1/4": 50, 100, 150 мм; карданный шарнир 1/4; гибкий удлинитель 1/4; 3/8: 6, 7, 8, 9, 10, 11, 12, 13, 14, 15, 17, 18, 19, 21, 22 мм; трещетка 3/8; удлинитель 3/8: 75, 150 мм; карданный шарнир 3/8; 1/2: 8, 10, 12, 13, 14, 15, 16, 17, 18, 19, 20, 21, 22, 23, 24, 25, 27, 30, 32 мм; Torx 1/2: E10, E12, E14, E16, E20 мм; вороток 1/2: 430 мм; трещетка 1/2; удлинитель 1/2: 75, 250 мм; карданный шарнир 1/2; свечные 1/2: 16, 20.6 мм; вороток L-образный 1/2\r\nКоличество гаечных ключей22\r\nГаечные ключи подробнокомбинированные ключи: 6, 7, 8, 9, 10, 11, 12, 13, 14, 15, 16, 17, 18, 19, 21, 22, 24 мм; разрезные ключи: 8х10, 10х12, 11х13, 12х14, 17х19 мм; шестигранные ключи: 2.5, 3, 4, 5, 6, 7, 8, 10, 12, 14 мм\r\nДополнительно\r\nШарнирно-губцевый инструмент размерыплоскогубцы 175 мм\r\nДополнительная информацияпереходники: 3/8(F)x1/4(M); 3/8(F)x1/2(M); струбцина 250 мм', 0, 0, 1),
	(12, 3, 'Набор инструментов Helpfer HP-S125 125 предметов', 47425, 31446, 1, 'Helpfer', '/images/shop/12.jpg', 'Характеристики Helpfer HP-S125 125 предметов\r\nОсновные характеристики\r\nТипнабор инструментов\r\nНазначениеавтомобильный\r\nИнструменты в комплектетрещотка, ключи имбусовые (шестигранные), рукоять для бит, вороток для головок, ключи комбинированные\r\nОснастка в комплектебиты, головки со вставками, торцевые головки\r\nАксессуары в комплектегибкий удлинитель для головок, шарнир карданный для головок, кейс, держатель для бит, переходник для головок, удлинитель для бит\r\nКомплектация\r\nКоличество бит22\r\nШлицы биткрестообразный (PH), крестообразный (PZ), прямой (SL), шестигранный (H/HEX), Torx (T/TX)\r\nБиты подробноPH3, PH4, PZ3, PZ4, SL8, SL10, SL12, H7, H8, H10, H12, H14, T40, T45, T50, T55, T60, M5, M6, M8, M10, M12\r\nТип головокторцевые, свечные, со вставками, удлиненные\r\nКоличество торцевых головок76\r\nНаконечник головок6-гранные, Torx (E)\r\nПосадка головок1/4, 1/2\r\nГоловки торцевые подробно1/4: 4, 4.5, 5, 5.5, 6, 7, 8, 9, 10, 11, 12, 13, 14 мм; удлиненные 1/4: 6, 7, 8, 9, 10, 11, 12, 13 мм; 1/4\r\nКоличество гаечных ключей3\r\nГаечные ключи подробношестигранные ключи: 1.5, 2, 2.5 мм; комбинированные ключи: 8, 10, 11, 12, 13, 14, 15, 16, 17, 18, 19 мм', 0, 0, 1),
	(13, 4, 'Болгарка CROWN CT13034', 56434, 15754, 1, 'CROWN', '/images/shop/13.jpg', 'Характеристики\r\nТипугловая\r\nПотребляемая мощность1300 Вт\r\nМаксимальная частота вращения диска8500 об/мин\r\nМаксимальный диаметр диска180 мм\r\nРезьба шпинделяМ14\r\nПитаниеот сети\r\nДополнительно\r\nДополнительная рукояткаесть\r\nБлокировка кнопки включенияда\r\nВозможностификсация шпинделя, блокировка кнопки включения\r\nВес3.5 кг', 1, 0, 1),
	(14, 4, 'Болгарка CROWN CT CT13290', 74455, 12798, 1, 'CROWN', '/images/shop/14.png', 'Характеристики\r\nТипугловая\r\nПотребляемая мощность860 Вт\r\nМаксимальная частота вращения диска11000 об/мин\r\nМаксимальный диаметр диска125 мм\r\nРезьба шпинделяM14\r\nПитаниеот сети\r\nДополнительно\r\nДополнительная рукояткаесть\r\nБлокировка кнопки включенияда\r\nВозможностификсация шпинделя, блокировка кнопки включения\r\nВес2.1 кг', 1, 0, 1),
	(15, 4, 'Болгарка Bosch GWS 660 060137508N', 25353, 13599, 1, 'Bosch', '/images/shop/15.png', 'Характеристики\r\nТипугловая\r\nПотребляемая мощность660 Вт\r\nМаксимальная частота вращения диска11000 об/мин\r\nМаксимальный диаметр диска125 мм\r\nРезьба шпинделяM14\r\nПитаниеот сети\r\nДополнительно\r\nДополнительная рукояткадвухпозиционная\r\nБлокировка кнопки включенияда\r\nВозможностификсация шпинделя, блокировка кнопки включения\r\nВес1.5 кг', 0, 0, 1),
	(16, 4, 'Болгарка CROWN СТ13497-125', 83465, 12825, 1, 'CROWN', '/images/shop/16.jpg', 'Характеристики CROWN СТ13497-125\r\nХарактеристики\r\nТипугловая\r\nПотребляемая мощность86 Вт\r\nМаксимальная частота вращения диска11000 об/мин\r\nМаксимальный диаметр диска125 мм\r\nРезьба шпинделяM14\r\nПитаниеот сети\r\nДополнительно\r\nДополнительная рукояткаесть\r\nБлокировка кнопки включенияда\r\nВозможностиограничение пускового тока, фиксация шпинделя, блокировка кнопки включения\r\nВес2 кг', 0, 0, 1),
	(17, 5, 'Электролобзик P.I.T. 78001', 45245, 14989, 1, 'P.I.T.', '/images/shop/17.png', 'Производительность\r\nТипручной\r\nПотребляемая мощность950 Вт\r\nМинимальная частота движения пилки, ход/мин500\r\nМаксимальная частота движения пилки, ход/мин3000\r\nДлина хода20 мм\r\nГлубина пропила дерева80 мм\r\nКонструкция\r\nМаятниковый ходда\r\nРукояткаскобовидная\r\nКрепление пилкис помощью шестигранника\r\nРабота от аккумуляторанет\r\nПодошваштампованная\r\nПодсветка рабочей зонынет\r\nСдув опилокнет\r\nОсобенностирегулировка частоты хода, защитный щиток\r\nВес3.2 кг', 0, 0, 1),
	(18, 5, 'Электролобзик Bort BPS-18LI-Q 93720384', 67576, 56397, 1, 'Bort', '/images/shop/18.jpg', 'Производительность\r\nТипручной\r\nМинимальная частота движения пилки, ход/мин0\r\nМаксимальная частота движения пилки, ход/мин3000\r\nДлина хода20 мм\r\nГлубина пропила дерева80 мм\r\nГлубина пропила стали8 мм\r\nКонструкция\r\nМаятниковый ходда\r\nРукояткаскобовидная\r\nКрепление пилкибыстрозажимное\r\nРабота от аккумуляторада\r\nПодошваштампованная\r\nМатериал подошвысталь\r\nНаклон подошвы45 °\r\nПодсветка рабочей зоныда\r\nСдув опилокда\r\nОсобенностизащитный щиток, подключение пылесоса, регулировка частоты хода\r\nКомплектациядве аккумуляторные батареи, две пилки, зарядное устройство, адаптер для пылесоса, сумка', 0, 0, 1),
	(19, 5, 'Электролобзик Makita 4327', 42234, 31055, 1, 'Makita', '/images/shop/19.png', 'Производительность\r\nТипручной\r\nПотребляемая мощность450 Вт\r\nМинимальная частота движения пилки, ход/мин500\r\nМаксимальная частота движения пилки, ход/мин3100\r\nДлина хода18 мм\r\nГлубина пропила дерева65 мм\r\nГлубина пропила стали6 мм\r\nКонструкция\r\nМаятниковый ходнет\r\nРукояткаскобовидная\r\nКрепление пилкис помощью шестигранника\r\nРабота от аккумуляторанет\r\nПодошваштампованная\r\nМатериал подошвысталь\r\nНаклон подошвы45 °\r\nПодсветка рабочей зонынет\r\nСдув опилокнет\r\nДлина сетевого кабеля2 м\r\nОсобенностирегулировка частоты хода, подключение пылесоса\r\nКомплектацияпилка, шестигранный ключ\r\nВес1.9 кг', 0, 0, 1),
	(20, 5, 'Электролобзик RYOBI One+ R18JS-0', 73445, 40080, 1, 'RYOBI', '/images/shop/20.png', 'Производительность\r\nТипручной\r\nПотребляемая мощность0 Вт\r\nМинимальная частота движения пилки, ход/мин1100\r\nМаксимальная частота движения пилки, ход/мин3000\r\nДлина хода25 мм\r\nГлубина пропила дерева101 мм\r\nГлубина пропила стали6 мм\r\nКонструкция\r\nМаятниковый ходда\r\nРукояткаскобовидная\r\nКрепление пилкибыстрозажимное\r\nРабота от аккумуляторада\r\nПодошваштампованная\r\nНаклон подошвы45 °\r\nПодсветка рабочей зоныда\r\nСдув опилокнет\r\nОсобенностирегулировка частоты хода\r\nКомплектациябез аккумулятора и зарядного устройства\r\nВес2.46 кг\r\nДополнительноаккумулятор 18 В', 0, 0, 1),
	(21, 6, 'Аккумуляторная отвертка Bosch GO 2 06019H2100', 52124, 20594, 1, 'Bosch', '/images/shop/21.png', 'Общие характеристики\r\nТип патронапод биты\r\nУдарный режим работынет\r\nМакс. число оборотов холостого хода360 об/мин\r\nМакс. крутящий момент5 Нм\r\nРежим реверсада\r\nФункции и возможноститормоз двигателя\r\nДополнительные характеристики\r\nТип аккумулятораLi-Ion\r\nЕмкость аккумулятора1.5 Ач\r\nНапряжение аккумулятора3.6 В\r\nВремя зарядки1.5 ч\r\nКомплектациякейс, 1 бита PH1 (2608521M10), 1 бита PH2 (2608521M11), кабель Micro USB (1607000CG9)', 1, 0, 1),
	(22, 6, 'Аккумуляторная отвертка Kolner KCSD 3.6L', 56424, 5999, 1, 'Kolner', '/image/shop/22.jpg', 'Общие характеристики\r\nТип патронапод биты\r\nУдарный режим работынет\r\nКоличество скоростей1\r\nМакс. число оборотов холостого хода250 об/мин\r\nМакс. крутящий момент3 Нм\r\nРежим реверсада\r\nДополнительные характеристики\r\nТип аккумулятораLi-Ion\r\nЕмкость аккумулятора1.3 Ач\r\nНапряжение аккумулятора3.6 В\r\nВремя зарядки2 ч\r\nВес0.3 кг\r\nДополнительная информациябиты, удлинитель, зарядное устройство', 0, 0, 1),
	(23, 6, 'Аккумуляторная отвертка Black&Decker CS3653LC', 36346, 24899, 1, 'Black&Decker', '/images/shop/23.png', 'Общие характеристики\r\nТип патронапод биты\r\nУдарный режим работынет\r\nКоличество скоростей1\r\nМакс. число оборотов холостого хода190 об/мин\r\nМакс. крутящий момент6 Нм\r\nРежим реверсада\r\nФункции и возможностификсация шпинделя\r\nАккумулятор в комплектеда\r\nДополнительные характеристики\r\nТип аккумулятораLi-Ion\r\nЕмкость аккумулятора1.5 Ач\r\nНапряжение аккумулятора3.6 В\r\nВремя зарядки2.5 ч\r\nТип зарядного устройстваобычное\r\nВес0.3 кг\r\nКомплектациянабор бит', 0, 0, 1),
	(24, 6, 'Аккумуляторная отвертка Milwaukee M4 D-202B', 764234, 69160, 1, 'Milwaukee', '/images/shop/24.png', 'Общие характеристики\r\nТип патронапод биты\r\nУдарный режим работынет\r\nКоличество скоростей2\r\nМакс. число оборотов холостого хода600 об/мин\r\nМакс. крутящий момент5 Нм\r\nРежим реверсанет\r\nАккумулятор в комплектеда\r\nДополнительные характеристики\r\nТип аккумулятораLi-Ion\r\nЕмкость аккумулятора2 Ач\r\nТип зарядного устройстваобычное\r\nВес0.5 кг\r\nКомплектациязарядное устройство, два аккумулятора', 0, 0, 1);
/*!40000 ALTER TABLE `at_shop_prod` ENABLE KEYS */;

/*!40101 SET SQL_MODE=IFNULL(@OLD_SQL_MODE, '') */;
/*!40014 SET FOREIGN_KEY_CHECKS=IF(@OLD_FOREIGN_KEY_CHECKS IS NULL, 1, @OLD_FOREIGN_KEY_CHECKS) */;
/*!40101 SET CHARACTER_SET_CLIENT=@OLD_CHARACTER_SET_CLIENT */;
